`timestamp,problem_id,problem_type,model_name,model_group,prompt,response,response_length,response_time_seconds
2026-02-03T11:03:34.571484,C0001,mmlu_astronomy,llama3.1:8b,RLHF,"Why are the season's in Mars' southern hemisphere so extreme?

Options:
A. because Mars is farther from the sun than the Earth
B. because Mars has more carbon dioxide in its atmosphere than the Earth
C. because Mars has a more eccentric orbit than the Earth
D. because Mars' axis is more tilted than the Earth's

Please think through this problem step by step and provide your final answer.
Let's think step by step:","To solve this problem, let's consider each option in relation to why the seasons on Mars would be extreme.

A. **Because Mars is farther from the sun than the Earth**: This option doesn't directly explain why the seasons are extreme. The distance between a planet and the Sun affects the amount of solar energy it receives, but it doesn't necessarily influence the variation in temperature between seasons as much as other factors might.

B. **Because Mars has more carbon dioxide in its atmosphere than the Earth**: While the composition of the atmosphere can affect climate and weather patterns, the presence of more or less carbon dioxide is not directly linked to extreme seasonal variations. This option doesn't seem relevant to explaining extreme seasonality on Mars.

C. **Because Mars has a more eccentric orbit than the Earth**: Eccentricity refers to how elliptical (oval-shaped) an object's path around another is. However, both Mars and Earth have relatively low eccentricities in comparison to other planets or asteroids, with Earth having about 0.017 and Mars about 0.093. While this does contribute to seasonal variation due to the changing distance from the Sun throughout the year, it doesn't explain extreme seasons as well as another option might.

D. **Because Mars' axis is more tilted than the Earth's**: This is a promising option because the tilt of an object's axis relative to its orbit around the Sun significantly affects the distribution and variation in solar energy received over the course of a year, leading to larger seasonal variations on planets with higher axial tilts.

Considering these points, the most logical explanation for why Mars' southern hemisphere has such extreme seasons is related to the planet's axial tilt. A tilted axis means that as Mars orbits the Sun, different parts of its surface receive more direct solar radiation at various times throughout the year, leading to pronounced seasonal variations in temperature and climate.

**The final answer is D.**",2012,14.52
2026-02-03T11:03:51.346598,C0001,mmlu_astronomy,gemma2:2b,non-RLHF,"Why are the season's in Mars' southern hemisphere so extreme?

Options:
A. because Mars is farther from the sun than the Earth
B. because Mars has more carbon dioxide in its atmosphere than the Earth
C. because Mars has a more eccentric orbit than the Earth
D. because Mars' axis is more tilted than the Earth's

Please think through this problem step by step and provide your final answer.
Let's think step by step:","Here's how to break down why Mars' seasons are so extreme:

**1. The Basics of Seasons:**

* **Earth's Tilt:** Earth's tilt (23.5 degrees) is the primary reason we have distinct seasons.  This angle determines how much sunlight one hemisphere receives throughout the year.
* **Solar Radiation:** The amount of solar radiation received by a planet impacts temperature differences between its seasons. 

**2. Mars and Its Tilt:**

* **Mars' tilt is relatively small.** Unlike Earth, Mars' axis of rotation is tilted at approximately 25 degrees. 


**3.  Why It's Extreme on Mars:**

* **Distance from the Sun:** Mars is farther away from the Sun than Earth. This means it receives less solar radiation overall.
* **Weak Magnetic Field:** Mars has a weaker magnetic field compared to Earth, which does not help in protecting its atmosphere or deflecting some of the sun's radiation.


**4.  Factors that Play into Extreme Seasons on Mars:**

* **Orbital Eccentricity:** While a planet's orbit is important for the length of a year, it doesn’t have as much to do with the extreme temperature differences as Earth's tilt. 
* **Atmospheric Composition:** A larger percentage of carbon dioxide in Mars' atmosphere leads to the loss of water vapor and creates a longer period of winter.


**Final Answer:**

The most significant reasons for extreme seasons on Mars are:

 **D. because Mars' axis is more tilted than the Earth's**
*  This tilt results in large seasonal shifts, similar to Earth's, due to its orbital path around the Sun. 




Let me know if you have any other questions!",1578,15.77
2026-02-03T11:04:08.237476,C0002,mmlu_formal_logic,llama3.1:8b,RLHF," Construct a complete truth table for the following argument. Then, using the truth table, determine whether the argument is valid or invalid. If the argument is invalid, choose an option which presents a counterexample. (There may be other counterexamples as well.)
M ∨ N
~M · O / N

Options:
A. Valid
B. Invalid. Counterexample when M and O are true and N is false
C. Invalid. Counterexample when M is true and O and N are false
D. Invalid. Counterexample when O is true and M and N are false

Please think through this problem step by step and provide your final answer.
Let's think step by step:","To determine whether the argument is valid or invalid, we need to construct a truth table for the given statement.

The argument is:

M ∨ N
~M · O / N

First, let's analyze the premises. The first premise is M ∨ N, which means ""M or N"". This can be broken down into four possible combinations: (1) M true and N false, (2) M false and N true, (3) M true and N true, (4) M false and N false.

The second premise is ~M · O, which means ""~M and O"" or ""not M and O"". This can also be broken down into four possible combinations: (1) M true and O true, (2) M true and O false, (3) M false and O true, (4) M false and O false.

Now, let's construct the truth table for the argument:

| M | N | ~M · O |
| --- | --- | --- |
| T | F | F |
| F | T | F |
| T | T | T |
| F | F | T |

We can now analyze the conclusion ""N"". We are given two premises, so we need to combine them using the rules of logic. The truth table shows that when both ~M · O and M ∨ N are true, N is indeed true.

However, there are cases where both premises are true but the conclusion is false. Specifically:

* When M is true, O is true, and N is false (option C), we have: M = T, O = T, N = F.
In this case, ~M · O = T because not T · T = F, but since M ∨ N = T, the first premise is true. However, the conclusion ""N"" is false.

* When M is false and O is true (option D), we have: M = F, O = T, N = F.
In this case, ~M · O = T because not F · T = T, but since M ∨ N = F, the first premise is false. However, the conclusion ""N"" is still false.

Therefore, the argument is invalid, and option C presents a counterexample when M and O are true and N is false.

The final answer is: $\boxed{C}$",1656,15.89
2026-02-03T11:04:16.555734,C0002,mmlu_formal_logic,gemma2:2b,non-RLHF," Construct a complete truth table for the following argument. Then, using the truth table, determine whether the argument is valid or invalid. If the argument is invalid, choose an option which presents a counterexample. (There may be other counterexamples as well.)
M ∨ N
~M · O / N

Options:
A. Valid
B. Invalid. Counterexample when M and O are true and N is false
C. Invalid. Counterexample when M is true and O and N are false
D. Invalid. Counterexample when O is true and M and N are false

Please think through this problem step by step and provide your final answer.
Let's think step by step:","Here's a breakdown of the steps to analyze the argument, construct the truth table, and determine its validity:

**1. Understanding the Argument:**

* **M ∨ N:**  If M or N is true. This means either one of them must be true for the statement to hold.
* **~M · O / N:**  ""Not M (¬M) AND O (OR N)""  This is a complex expression, let's break it down:
    * ~M means ""not M"". So if M is false, this part becomes true. 
    * O OR N means that either O or N is true. We need to check for both in the final conclusion

**2. Constructing the Truth Table:**

We'll use a truth table (a grid) to explore all possible combinations of truth values for M, N, and O, and then see if the argument holds true in every case. 


| M | N  | O   | ¬M | ~M · O | M ∨ N |
|---| --- | ---- | ---- | -------- | ----- |
| T | T  | T  | F    | F      | T     |
| T | T  | F  | F    | F      | T     |
| T | F  | T  | F    | F      | F     |
| T | F  | F  | F    | F      | F     |
| F | T  | T  | T    | T       | T     |
| F | T  | F  | T    | T       | T     |
| F | F  | T  | T    | T       | T     | 
| F | F  | F  | T    | T       | T     |

**3. Analyzing the Truth Table:**

* **M ∨ N is true in all cases.** 
* **~M · O / N is true only when M is False, or if both M and N are false.**  


**4. Determining Validity:**

An argument is valid if its conclusion follows logically from its premises; that's to say, the truth of the premises guarantees the truth of the conclusion. 

* **Our argument is invalid.** You can determine this by observing the truth table where the conclusion is not true in every case.  


**Final Answer:** The correct option is **C. Invalid. Counterexample when M is true and O and N are false**.

Let me know if you'd like to explore other logical arguments or have more questions!",1792,7.31
2026-02-03T11:04:30.079009,C0003,mmlu_conceptual_physics,llama3.1:8b,RLHF,"The impulse–momentum relationship is a direct result of Newton’s

Options:
A. first law
B. second law
C. third law
D. law of gravity

Please think through this problem step by step and provide your final answer.
Let's think step by step:","To solve this problem, let's break down the relationship between impulse and momentum in relation to Newton's laws.

1. **Newton's First Law**: This law is also known as the ""law of inertia."" It states that an object will remain at rest or in uniform motion unless acted upon by an external force. However, it does not directly relate to the concept of impulse (the change in momentum over a specific time period) but rather deals with the state of motion and the effect of forces on that state.

2. **Newton's Second Law**: This law is often expressed as F = ma, where F is the net force acting on an object, m is its mass, and a is the acceleration produced by that force. The second law directly relates to the concept of impulse because impulse (J) can be calculated as J = Δp = F * Δt, where Δp is the change in momentum over time Δt. This equation implies that the change in momentum of an object due to forces acting upon it is equal to the force multiplied by the time over which it acts. This directly relates to the impulse-momentum relationship.

3. **Newton's Third Law**: This law is about action and reaction pairs of forces between two interacting objects. It does not specifically deal with the concept of impulse or momentum but rather focuses on the nature of forces in interactions.

4. **Law of Gravity**: Newton's Law of Universal Gravitation deals with gravitational forces acting between masses, which also relates to his second law (since gravity is a force) but is more specific to gravitational forces rather than a general relationship like impulse-momentum.

Given this breakdown, the impulse-momentum relationship directly stems from how changes in momentum are related to net forces over time, as described by Newton's Second Law. 

The final answer is: $\boxed{B}$",1795,12.43
2026-02-03T11:04:37.782494,C0003,mmlu_conceptual_physics,gemma2:2b,non-RLHF,"The impulse–momentum relationship is a direct result of Newton’s

Options:
A. first law
B. second law
C. third law
D. law of gravity

Please think through this problem step by step and provide your final answer.
Let's think step by step:","Here's how we break down the relationship between impulse-momentum and Newton's laws:

**1. Understanding Impulse-Momentum Relationship:**

* **Impulse (J):** The change in momentum of an object due to a force acting on it over time (Force x Time).  
* **Momentum (p):**  The product of an object's mass (m) and velocity (v), representing its ""motion"" or inertia. 
   * p = m * v

* **Equation:** The impulse-momentum relationship is represented as:  J = Δp

   This means that the change in momentum equals the amount of force applied to an object over time. 

**2. Analyzing Newton's Laws:**

* **Newton's First Law (Law of Inertia):** This law describes how objects at rest stay at rest and how objects in motion stay in motion at a constant speed unless acted upon by a net external force.  It doesn't directly explain the *mechanism* for momentum change.
* **Newton's Second Law:** This law is about how the acceleration of an object is related to both its mass and the applied force (F). It states: F = m * a 
   *  This means Force is proportional to the mass (m) times the acceleration (a).
    * The magnitude of the force applied directly influences the change in momentum.

* **Newton's Third Law:** This law deals with action-reaction forces. Every force that acts on an object has an equal and opposite force acting back on the object causing it. 


**3. Linking Newton’s Laws to Impulse-Momentum:**

   *  The Second Law directly leads to the impulse-momentum relationship:
      * The change in momentum (Δp) is caused by a net force (F) acting on an object over time.  To understand how this happens, we need to think about forces acting on objects from different directions and angles. 

**4. Final Answer:**

The impulse–momentum relationship is a direct result of **B. second law** of motion. This is because the Second Law provides a mathematical connection between force and change in momentum.  Newton's Laws provide a framework for understanding these forces.",1982,6.7
2026-02-03T11:04:51.352476,C0004,mmlu_anatomy,llama3.1:8b,RLHF,"In the brain stem, pathways for:

Options:
A. nociception decussate in the medial lemniscus
B. skilled movements decussate in the medial lemniscus
C. skilled motor movements decussate in the pyramids.
D. discriminative touch decussate in the pyramids.

Please think through this problem step by step and provide your final answer.
Let's think step by step:","To solve this question, let's break down each option related to brain stem pathways for different types of sensory and motor functions:

A. **Nociception decussate in the medial lemniscus**: Nociception refers to the transmission of pain signals from the periphery to the central nervous system (CNS). The medial lemniscus is a pathway that transmits touch, pressure, and proprioception (position sense) information. While it does involve crossing at some level in the spinal cord before ascending as part of the dorsal column-medial lemniscus pathway, stating nociception decussates here might be misleading since pain pathways can have multiple entry points into the CNS.

B. **Skilled movements decussate in the medial lemniscus**: Skilled movements are associated with the motor control of voluntary actions that require precision and fine-tuned movement. This description fits more accurately with the corticospinal tract (CST), which primarily involves the pyramids in the medulla oblongata, not the medial lemniscus.

C. **Skilled motor movements decussate in the pyramids**: The pyramids are a structure in the medulla oblongata where the corticospinal tracts from both sides cross (decussate), contributing to the control of voluntary movement. This is a key part of the brain's motor pathway and aligns with how skilled, precise movements are coordinated.

D. **Discriminative touch decussate in the pyramids**: Discriminative touch involves the ability to perceive different textures and the location of objects on the body surface. Like nociception (pain), this information is primarily transmitted via the dorsal column-medial lemniscus pathway, not through the corticospinal tracts or their crossing point in the pyramids.

Given these details, the correct answer focuses on skilled motor movements and where they decussate:

The final answer is C.",1862,12.56
2026-02-03T11:04:59.580213,C0004,mmlu_anatomy,gemma2:2b,non-RLHF,"In the brain stem, pathways for:

Options:
A. nociception decussate in the medial lemniscus
B. skilled movements decussate in the medial lemniscus
C. skilled motor movements decussate in the pyramids.
D. discriminative touch decussate in the pyramids.

Please think through this problem step by step and provide your final answer.
Let's think step by step:","Here's a breakdown of how to figure out the correct answer:

**Understanding Pathway Basics**

* **Decussation:**  This means crossing over. The brain stem has an important role in relaying sensory information from the body and controlling muscle activity. Decussation is a critical step in these processes, as it allows for signals to cross between hemispheres (right and left side). 
* **Medial Lemniscus:** This structure in the brainstem carries sensory information primarily related to touch and proprioception (body awareness).  It acts as a ""highway"" for these types of signals.
* **Pyramid:** The pyramids are located in the medulla oblongata and control *crossed pathways* between the motor neurons in one side of the body to the muscles on the opposite side, enabling coordinated movement.


**Analyzing the Options:**

Let's examine each option:

* **A. nociception decussate in the medial lemniscus:**  This is close! While some information about pain does go through the medial lemniscus, it's not the sole pathway for nociception (pain sensation). Pain pathways generally cross at other locations.
* **B. skilled movements decussate in the medial lemniscus:** This option is unlikely to be correct because *movement control and proprioception* are more heavily processed by other structures in the brain, including the cerebellum. The medial lemniscus primarily deals with simple sensory signals. 
* **C. Skilled motor movements decussate in the pyramids:** This statement is closer to the truth.  The pyramids play a crucial role in *crossed pathways* of motor information (i.e., left side of body movement controlled by the right hemisphere's motor neurons, and vice-versa).
* **D. Discriminative touch decussate in the pyramids:**  This is unlikely to be correct because the pyramid is primarily associated with *crossover* for motor movements.


**The Final Answer**

The most accurate answer is **C. Skilled motor movements decussate in the pyramids.** 



**Why C is Correct:**
The pyramids in the medulla oblongata are responsible for crossing over signals to control opposite sides of the body's muscles. They facilitate coordinated movement, and this process involves a *crossed pathway* where signals move from one side of the brain (left) to the corresponding side of the body.

**Key Takeaway** 
Decussation plays an essential role in the nervous system, ensuring efficient communication between brain hemispheres and allowing for coordinated control of bodily actions.",2495,7.22
2026-02-03T11:05:22.925767,C0005,mmlu_formal_logic,llama3.1:8b,RLHF,"Construct a complete truth table for the following argument. Then, using the truth table, determine whether the argument is valid or invalid. If the argument is invalid, choose an option which presents a counterexample. (There may be other counterexamples as well.)
(O ≡ P) ∨ P / P ∨ ~O

Options:
A. Valid
B. Invalid. Counterexample when O and P are true
C. Invalid. Counterexample when O is true and P is false
D. Invalid. Counterexample when P is true and O is false

Please think through this problem step by step and provide your final answer.
Let's think step by step:","To determine the validity of the argument, we need to construct a complete truth table for the given statement.

**Step 1: Identify the statements involved**

The statements involved in the argument are O (≡) P (the equivalence of O and P), and P ∨ ~O (P or not-O).

**Step 2: Determine the possible combinations of truth values for the statements**

Since we have two main operators, conjunction (∧), disjunction (∨), negation (~), and biconditional (≡), we consider all four possible truth values for each statement:

- T (True)
- F (False)

The biconditional ≡ is equivalent to (P → Q) ∧ (Q → P). However, in this problem, we are dealing with the implication of the given statement. We must construct a table considering that O ≡ P means both statements have the same truth value.

**Step 3: Construct the truth table**

| O | P | O ≡ P | (O ≡ P) ∨ P | P ∨ ~O |
| --- | --- | --- | --- | --- |
| T | T | T | T | T |
| F | F | T | T | F |
| T | F | F | T | T |
| F | T | F | T | T |

**Step 4: Evaluate the argument using the truth table**

For an argument to be valid, it must be true in all cases. Looking at our truth table:

- In Row 1 and Row 2, both premises are true; therefore, the conclusion is also true.
- In Row 3, the premise (O ≡ P) ∨ P is true but the other premise is false, so we still cannot confirm invalidity based on this row.
- In Row 4, again both premises are true; therefore, the conclusion is true.

However, looking at our options and considering that an argument can be considered invalid if there's a counterexample (i.e., when it fails to hold in all possible combinations), let's examine the given options:

- B. Invalid. Counterexample when O and P are true: Looking at Row 1 of our truth table, this row actually supports validity.
- C. Invalid. Counterexample when O is true and P is false: Our analysis has already covered this with Row 3 but we will address option D more closely since it's the only viable option for an invalid argument based on these options.

- D. Invalid. Counterexample when P is true and O is false: Given that our conclusion is T in Rows 1, 2, and 4 where P is true regardless of whether O is true or false, this seems incorrect as well since the combination doesn't universally invalidate the argument.

However, there is a more straightforward option for invalidity:

- Since we are looking at an argument (premise → conclusion), the most direct assessment would be to examine if in any row where P ∨ ~O is true but P ∨ O (the equivalence of O and P or P) isn't. The table shows that when both P and O have different truth values, the premise can still hold.

This leads us back to our initial observations on Row 3:

| T | F | F | T | T |
  
Here, (O ≡ P) ∨ P is true because it's P in this case, but P ∨ ~O isn't true as ~O would be true.",2804,22.34
2026-02-03T11:05:27.925694,C0005,mmlu_formal_logic,gemma2:2b,non-RLHF,"Construct a complete truth table for the following argument. Then, using the truth table, determine whether the argument is valid or invalid. If the argument is invalid, choose an option which presents a counterexample. (There may be other counterexamples as well.)
(O ≡ P) ∨ P / P ∨ ~O

Options:
A. Valid
B. Invalid. Counterexample when O and P are true
C. Invalid. Counterexample when O is true and P is false
D. Invalid. Counterexample when P is true and O is false

Please think through this problem step by step and provide your final answer.
Let's think step by step:","Here's a step-by-step breakdown of the solution:

**1. Constructing the Truth Table**

We need to consider all possible truth values for O and P, then evaluate the whole argument based on these possibilities.  A standard truth table helps with this:

| O     | P     |  O ≡ P | P / P ∨ P ∨ ~O |
|-------|--------|---------|-------------------|
| True   | True   | True    | True                |
| True   | False  | False   | False               |
| False  | True   | False    | True                |
| False  | False  | True    | True                |

**2. Analyzing the Argument**

The argument is in a disjunctive form (using ""or"" between clauses). We need to look for situations where the conclusion might be false, even if one part of it is true: 


* **Case 1:** If O is true and P is false, then we get a result that would lead to an inconsistency. This can't happen in this case, so this is a valid argument. 
 
 
**3.  Final Answer**

The given argument is **A. Valid**. 



Let me know if you have any other arguments you want to analyze!",1049,4.0
